# Creating a Database for Bimtan Royals Enterprise (Ojo Branch)
create database BimtanRoyal;

# Using database BimtanRoyal
Use bimtanRoyal;

# Creating a Sales transaction table that store the company sales activities
create table `Sales`(
transaction_id varchar (10) primary Key not null,
transaction_date date not null,
customer_id int not null, foreign key (customer_id) references customers (Customer_id),
product_id Varchar (10) not null, foreign key (product_id) references products (product_id),
Rep_id int not null, foreign key (Rep_id) references representatives (Rep_id),
quantity_Sold int not null,
total_Amount int not null);

 #Creating a Customer Table that make purchases from the company
 create table `customers` (
 customer_id int primary key not null,
 Customer_name varchar(45) not null,
 email varchar(45) not null,
 address varchar(45)not null);
 
 # Creating a Product table that enlist the type of services the company renders
 create table `products` (
 product_id varchar (10) primary key not null,
 product_name varchar(45) not null,
 category varchar(45) not null,
 Price int not null);
 
 # Creating Sales Representative table of the company
 Create table `Representatives` (
 Rep_id int primary key not null,
 Rep_name varchar(45) not null,
 Contact varchar(45) not null);
 
 # insertimg Values into table: Sales Representative
 Insert into `representatives` values
 (1010, 'Jumoke Olabisi', '08090320321'),
 (1020, 'Aina Balepo', '07020341708'),
 (1025, 'Chukwuma Willams', '08027046219'),
 (1015, 'Jane temitope', '0913458790'),
 (1011, 'Busari Ahmad', '07033500234'),
 (1013, 'Onasegun Deborah', '08111557775'),
 (1017, 'Olorunfemi Yinusa', '09038637521'),
 (1021, 'Abdul Lateef', '08136387952'),
 (1023, 'omonigho Silas', '09155693870'),
 (1022, 'Omoviro Beckley', '09033876654'),
 (1040, 'Jubril Adama', '08145326749'),
 (1027, 'Ebubechukwu Stanley', '07033478809'),
 (1029, 'ChukwuNonso Victor', '08167345892'),
 (1031, 'Keko Oluwaseun', '09089238765'),
 (1028, 'Esther Famoriti', '09065498210'),
 (1035, 'Eniola Olaitan', '09132576800'),
 (1033, 'Owoeye Dorcas', '08148111402'),
 (1037, 'Pual Onuigbo', '08120127321'),
 (1036, 'Adeolu John', '09034653210'),
 (1039, 'Khadijat Kehinde', '08032354990');
 
 #Inserting Values into table: Products.
 Insert into `products` values
 ('OP1005', 'Opay Smart', 'New9210', 60000),
 ('OP1003', 'Opay Smart', 'Sunmi', 20000),
 ('OP1001', 'Opay Analog', 'N910', 22500),
 ('OP1002', 'Opay Card', 'Verve', 500),
 ('Op1004', 'Opay Mini', 'Mpos', 10000),
 ('Pp1001', 'Palmpay Card', 'Verve', 1000),
 ('Pp1003', 'Palmpay Smart', 'Sunmi', 42500),
 ('Pp1002', 'Palmpay Linux', 'H9', 22500),
 ('Pp1004', 'Palmpay Battery', 'Sunmi', 5000),
 ('Mp0001', 'MoniePoint Card', 'Verve', 1000);
 
 #inserting Values into table: Customers
 insert into `customers` values
 (101245, 'Peter Adeniyi', 'padeniyi@gmail.com', '6 Akoberu Road Okokomaiko'),
 (102231, 'Matthew Ogunniran', 'mogunniran@gmail.com', '21 Olusegun street ira Quaters'),
 (101045, 'Kenneth Ogbu', 'Kogbu@gmail.com', '14 Oroleye Street Afromedia'),
 (100129, 'Mojisola Adegboola', 'Madegboola@gmail.com', '31, Fidit Road Adaloko'),
 (110015, 'Omowunmi Keko', 'Omokeko@gmail.com', '1 Baale street iba'),
 (100005, 'Nellen ilesanmi', 'Nellen31@gmail.com', '25 Alebiowu Street Afromedia'),
 (112031, 'Prince Paul', 'PrinceP@gamil.com', '6 Captain close Afromedia'),
 (110230, 'Nafisat Balogun', 'Nbalogun@gmail.com', '29 Labuda street Adaloko'),
 (101021, 'Faith Ogoro', 'OgoroF@ymail.com', '1,Olaiya cresent iba'),
 (100889, 'Ani Christian', 'Achristian@yahoo.com', '21 Akoberu Road okokomaiko'),
 (118900, 'Peter Willams', 'Willyp@gmail.com', '4 Alebiowu Close Afromedia'),
 (112004, 'Okoli Chioma', 'Cokoli@gmail.com', '28 Odinaka Okonkwo Street Afromedia'),
 (102017, 'Praise George', 'stillpeeG@gmail.com', '9 Atitebi Street Adaloko'),
 (101029, 'Omolola Omiyedun', 'trustkitchen@gmail.com', '47 Omotola Street Afromedia'),
 (111009, 'Nseabasi Emmanuel', 'NseabasiE@gmail.com', '2 Oniec Street Afromedia'),
 (100221, 'Onajowo Esther', 'EstherOnajowo@gmail.com', '12 unity close iba'),
 (103321, 'Gafari Adigun', 'Gadigun@gmail.com', '18 yellow bus_stop Avenue iba'),
 (101367, 'Happiness Marsel', 'H_marsel@gmail.com', '34 Martins Street igboelerin'),
 (110089, 'Remilekun funmi', 'Remilekun4u@gmail.com', '20 market road igboelerin'),
 (101325, 'Toluwalope Abimbola', 'Olubimbola@gmail.com', '15 Adegbenro Street ira Quaterz'),
 (121834, 'Nike Olubanjo', 'olubanjoNikky@gmail.com', '102 Fidit Road adaloko'),
 (120049, 'Obitope Salako', 'Salakotoppy@gmail.com','72 usman mogaji Road jakande'),
 (110038, 'Abiodun Adediran', 'Odunade2023@gmail.com', '1 market Bus_stop Isashi'),
 (102405, 'Martins Nnadozie', 'NnadozieM@gmail.com', '17 salami close Afromedia'),
 (101101, 'Olarenwaju Kudus', 'OlaK@gmail.com', '2 Ajayi street Ajangbadi'),
 (102024, 'Grace Ogunyemi', 'OgunyemiG@gmail.com', '34 Titilayo cresent Jakande'),
 (102031, 'Theresa Ikiesh', 'Theresa2020@gamil.com', '26 Edet close iba'),
 (111230, 'Tobor Joel', 'Joeltobor@gmail.com', ' 15 Yinusa street Adaloko'),
 (121021, 'Faith Ugochukwu', 'Fugochukwu@gmail.com', '7,Hassan Estate Afromedia'),
 (105889, 'Taiwo Oyetan', 'Toyetan@gmail.com', '1 White House Road okokomaiko'),
 (110900, 'Peter Daniels', 'DannyP@gmail.com', '4 Okelola Street Isashi'),
 (115004, 'Nwakwo Okon', 'Nokon@gmail.com', '2 Ladeco Street Afromedia'),
 (108017, 'David Beckley', 'Dbeckley@gmail.com', '9 Abatti Close Jakande'),
 (103421, 'Betty Ogala', 'Betty_Ogala@gmail.com', '48 unity Street Alaba'),
 (103821, 'Ajao Seunfunmi', 'SeunfunmiA@gmail.com', '8 Yellow Avenue iba'),
 (101379, 'Collins Mbaduchukwu', 'C.Mbaduchukwu@gmail.com', '21 Aso_Rock Village Isashi'),
 (110189, 'Ogbu Joe', 'Joe_Ogbu@gmail.com', '34 Williams Street igboelerin'),
 (101525, 'Rapheal Black', 'Raphealblack@gmail.com', '7 ilaje Street ira Quaterz'),
 (122734, 'Micheal John', 'Micatty1@gmail.com', '10 Adeyanju Avenue Mebamu'),
 (120269, 'Adebola Oladun', 'deboladun@gmail.com','12 Whilophy Close, jakande'),
 (110778, 'Aderonke Mogaji', 'Ronky2023@gmail.com', '5 Juliana Estate Cele_nica'),
 (132405, 'Ganiyu Jeremaih', 'JeremiahG@gmail.com', '37 Owoseni close Mebamu'),
 (131101, 'Azubike Joshua', 'AJousha@gmail.com', '1 Chief Darlington street iba'),
 (132094, 'Babatunde Clement', 'ClementB@gmail.com', '3 Akinade Close Jakande'),
 (122051, 'Sherifat Qudus', 'Sherifat@gamil.com', '14 Surulere Street Isashi'),
 (110259, 'Chidima Akodu', 'Chidima045@gmail.com', '15 Heritage street Jakande'),
 (101521, 'Olufunke Jonathan', 'Olujonathan@gmail.com', '11 Akorede cresent iba'),
 (103389, 'Abengo Christian', 'Achristian@gahoo.com', '1 Abengo close okokomaiko'),
 (118527, 'Daniel Willams', 'DWillams@gmail.com', '44 Alebiowu Close Afromedia'),
 (113001, 'Ogor Chioma', 'Ochioma@gmail.com', '8 Odinaka Okonkwo Street Afromedia');
 
  #inserting Values into table: Sales
 insert into `sales` values
('Pur005', '2023-01-18', 100005, 'Mp0001', 1040, 15, 15000),
('Pur001', '2023-01-15', 100221, 'OP1001', 1010, 5, 112500),
('Pur003', '2023-01-15', 100129, 'OP1002', 1013, 20, 10000), 
('Pur002', '2023-01-15', 100889, 'OP1003', 1011, 2, 40000),
('Pur004', '2023-01-15', 101021, 'Op1004', 1020, 5, 50000),
('Pur006', '2023-01-18', 101029, 'OP1005', 1027, 2, 120000),
('Pur007', '2023-01-18', 101045, 'Pp1001', 1029, 20, 20000),
('Pur008', '2023-01-19', 101101, 'Pp1002', 1031, 4, 90000),
('Pur009', '2023-01-19', 101245, 'Pp1003', 1029, 3, 127500),
('Pur010', '2023-01-19', 101325, 'Pp1004', 1036, 2, 10000),
('Pur015', '2023-01-20', 101367, 'Mp0001', 1035, 25, 25000),
('Pur011', '2023-01-19', 101379, 'OP1001', 1039,  5, 112500),
('Pur013', '2023-01-20', 101521, 'OP1002', 1040, 40, 20000), 
('Pur012', '2023-01-19', 101525, 'OP1003', 1015, 10, 200000),
('Pur014', '2023-01-20', 102017, 'Op1004', 1025, 10, 100000),
('Pur016', '2023-01-20', 102024, 'OP1005', 1017, 5, 300000),
('Pur017', '2023-01-20', 102031, 'Pp1001', 1022, 50, 50000),
('Pur018', '2023-01-21', 102231, 'Pp1002', 1023, 4, 90000),
('Pur020', '2023-01-21', 102405, 'Pp1003', 1028, 3, 127500),
('Pur019', '2023-01-21', 103321, 'Pp1004', 1010, 5, 25000),
('Pur021', '2023-01-22', 103421, 'Mp0001', 1011, 5, 5000),
('Pur022', '2023-01-22', 103389, 'OP1001', 1022, 1, 22500),
('Pur023', '2023-01-22', 103821, 'OP1002', 1013, 100, 50000), 
('Pur024', '2023-01-23', 105889, 'OP1003', 1020, 5, 100000),
('Pur025', '2023-01-23', 108017, 'Op1004', 1021, 5, 50000),
('Pur026', '2023-01-23', 110015, 'OP1005', 1033, 3, 180000),
('Pur027', '2023-01-25', 110038, 'Pp1001', 1040, 50, 50000),
('Pur028', '2023-01-25', 110089, 'Pp1002', 1039, 2, 45000),
('Pur029', '2023-01-25', 110189, 'Pp1003', 1021, 3, 85000),
('Pur030', '2023-01-27', 110230, 'Pp1004', 1020, 1, 5000),
('Pur032', '2023-01-27', 110259, 'Mp0001', 1028, 50, 50000),
('Pur031', '2023-01-27', 110778, 'OP1001', 1031, 4, 90000),
('Pur033', '2023-01-30', 110900, 'OP1002', 1025, 100, 50000), 
('Pur034', '2023-01-30', 111009, 'OP1003', 1015, 6, 120000),
('Pur035', '2023-01-30', 111230, 'Op1004', 1033, 4, 40000),
('Pur036', '2023-01-30', 112004, 'OP1005', 1037, 3, 180000),
('Pur037', '2023-02-03', 112031, 'Pp1001', 1040, 30, 30000),
('Pur038', '2023-02-03', 113001, 'Pp1002', 1010, 3, 67500),
('Pur039', '2023-02-05', 115004, 'Pp1003', 1027, 6, 225000),
('Pur040', '2023-02-05', 118527, 'Pp1004', 1039, 3, 15000),
('Pur041', '2023-02-05', 118900, 'Mp0001', 1037, 15, 15000),
('Pur042', '2023-02-09', 120049, 'OP1001', 1022, 5, 112500),
('Pur043', '2023-02-09', 120269, 'OP1002', 1020, 20, 10000), 
('Pur044', '2023-02-09', 121021, 'OP1003', 1011, 2, 40000),
('Pur045', '2023-02-09', 121834, 'Op1004', 1010, 5, 50000),
('Pur046', '2023-02-12', 122051, 'OP1005', 1013, 2, 120000),
('Pur047', '2023-02-12', 122734, 'Pp1001', 1031, 20, 20000),
('Pur048', '2023-02-12', 131101, 'Pp1002', 1028, 4, 90000),
('Pur049', '2023-02-12', 132094, 'Pp1003', 1040, 3, 127500),
('Pur050', '2023-02-13', 132405, 'Pp1004', 1039, 2, 10000),
('Pur051', '2023-02-13', 101367, 'Mp0001', 1021, 25, 25000),
('Pur052', '2023-02-15', 101379, 'OP1001', 1015, 5, 112500),
('Pur053', '2023-02-15', 101521, 'OP1002', 1025, 40, 20000), 
('Pur054', '2023-02-17', 101525, 'OP1003', 1022, 10, 200000),
('Pur055', '2023-02-17', 102017, 'Op1004', 1022, 10, 100000),
('Pur056', '2023-02-18', 102024, 'OP1005', 1017, 5, 300000),
('Pur057', '2023-02-20', 102031, 'Pp1001', 1010, 50, 50000),
('Pur058', '2023-02-20', 102231, 'Pp1002', 1015, 4, 90000),
('Pur060', '2023-02-21', 102405, 'Pp1003', 1013, 3, 127500),
('Pur059', '2023-02-20', 103321, 'Pp1004', 1023, 5, 25000),
('Pur061', '2023-02-21', 100005, 'Mp0001', 1025, 15, 15000),
('Pur062', '2023-02-21', 100221, 'OP1001', 1025, 5, 112500),
('Pur063', '2023-02-23', 100129, 'OP1002', 1022, 20, 10000), 
('Pur064', '2023-02-23', 100889, 'OP1003', 1011, 2, 40000),
('Pur065', '2023-02-23', 101021, 'Op1004', 1017, 5, 50000),
('Pur066', '2023-02-27', 101029, 'OP1005', 1021, 2, 120000),
('Pur067', '2023-02-27', 101045, 'Pp1001', 1020, 20, 20000),
('Pur068', '2023-02-27', 101101, 'Pp1002', 1033, 4, 90000),
('Pur069', '2023-02-27', 101245, 'Pp1003', 1039, 3, 127500),
('Pur070', '2023-02-28', 101325, 'Pp1004', 1039, 2, 10000),
('Pur071', '2023-02-28', 101367, 'Mp0001', 1037, 25, 25000),
('Pur072', '2023-02-28', 101379, 'OP1001', 1035, 5, 112500),
('Pur073', '2023-02-28', 101521, 'OP1002', 1011, 40, 20000), 
('Pur074', '2023-03-01', 101525, 'OP1003', 1010, 10, 200000),
('Pur075', '2023-03-01', 102017, 'Op1004', 1020, 10, 100000),
('Pur076', '2023-03-02', 102024, 'OP1005', 1023, 5, 300000),
('Pur077', '2023-03-02', 102031, 'Pp1001', 1031, 50, 50000),
('Pur078', '2023-03-04', 102231, 'Pp1002', 1035, 4, 90000),
('Pur079', '2023-03-04', 102405, 'Pp1003', 1033, 3, 127500),
('Pur080', '2023-03-04', 103321, 'Pp1004', 1039, 5, 25000),
('Pur081', '2023-03-07', 100005, 'Mp0001', 1039, 15, 15000),
('Pur082', '2023-03-07', 100221, 'OP1001', 1040, 5, 112500),
('Pur083', '2023-03-07', 100129, 'OP1002', 1031, 20, 10000), 
('Pur084', '2023-03-10', 100889, 'OP1003', 1022, 2, 40000),
('Pur085', '2023-03-10', 101021, 'Op1004', 1023, 5, 50000),
('Pur086', '2023-03-12', 101029, 'OP1005', 1023, 2, 120000),
('Pur087', '2023-03-12', 101045, 'Pp1001', 1027, 20, 20000),
('Pur088', '2023-03-17', 101101, 'Pp1002', 1025, 4, 90000),
('Pur089', '2023-03-17', 101245, 'Pp1003', 1011, 3, 127500),
('Pur090', '2023-03-17', 101325, 'Pp1004', 1011, 2, 10000),
('Pur091', '2023-03-19', 101367, 'Mp0001', 1013, 25, 25000),
('Pur092', '2023-03-19', 101379, 'OP1001', 1036, 5, 112500),
('Pur093', '2023-03-23', 101521, 'OP1002', 1023, 40, 20000), 
('Pur094', '2023-03-23', 101525, 'OP1003', 1010, 10, 200000),
('Pur095', '2023-03-27', 102017, 'Op1004', 1040,  10, 100000),
('Pur096', '2023-03-27', 102024, 'OP1005', 1040, 5, 300000),
('Pur097', '2023-03-29', 102031, 'Pp1001', 1035, 50, 50000),
('Pur098', '2023-03-29', 102231, 'Pp1002', 1025, 4, 90000),
('Pur099', '2023-03-31', 102405, 'Pp1003', 1022, 3, 127500),
('Pur100', '2023-04-02', 103321, 'Pp1004', 1022, 5, 25000);

insert into `sales` values 
('Pur101', '2023-04-02', 103421, 'Mp0001', 1011, 5, 5000),
('Pur102', '2023-04-02', 103389, 'OP1001', 1010, 1, 22500),
('Pur103', '2023-04-05', 103821, 'OP1002', 1031, 100, 50000), 
('Pur104', '2023-04-05', 105889, 'OP1003', 1023, 5, 100000),
('Pur105', '2023-04-07', 108017, 'Op1004', 1022, 5, 50000),
('Pur106', '2023-04-07', 110015, 'OP1005', 1013, 3, 180000),
('Pur107', '2023-04-07', 110038, 'Pp1001', 1023, 50, 50000),
('Pur108', '2023-04-11', 110089, 'Pp1002', 1023, 2, 45000),
('Pur109', '2023-04-11', 110189, 'Pp1003', 1025, 3, 85000),
('Pur110', '2023-04-11', 110230, 'Pp1004', 1027, 1, 5000),
('Pur111', '2023-04-14', 110259, 'Mp0001', 1021, 50, 50000),
('Pur112', '2023-04-14', 110778, 'OP1001', 1033, 4, 90000),
('Pur113', '2023-04-15', 110900, 'OP1002', 1017, 100, 50000), 
('Pur114', '2023-04-15', 111009, 'OP1003', 1040, 6, 120000),
('Pur115', '2023-04-17', 111230, 'Op1004', 1028, 4, 40000),
('Pur116', '2023-04-17', 112004, 'OP1005', 1027, 3, 180000),
('Pur117', '2023-04-20', 112031, 'Pp1001', 1033, 30, 30000),
('Pur118', '2023-04-20', 113001, 'Pp1002', 1036, 3, 67500),
('Pur119', '2023-04-22', 115004, 'Pp1003', 1039, 6, 225000),
('Pur120', '2023-04-22', 118527, 'Pp1004', 1025, 3, 15000),
('Pur121', '2023-04-22', 118900, 'Mp0001', 1015, 15, 15000),
('Pur122', '2023-04-25', 120049, 'OP1001', 1010, 5, 112500),
('Pur123', '2023-04-25', 120269, 'OP1002', 1010, 20, 10000), 
('Pur124', '2023-04-27', 121021, 'OP1003', 1011, 2, 40000),
('Pur125', '2023-04-27', 121834, 'Op1004', 1013, 5, 50000),
('Pur126', '2023-04-27', 122051, 'OP1005', 1013, 2, 120000),
('Pur127', '2023-04-30', 122734, 'Pp1001', 1022, 20, 20000),
('Pur128', '2023-04-30', 131101, 'Pp1002', 1023, 4, 90000),
('Pur129', '2023-05-03', 132094, 'Pp1003', 1027, 3, 127500),
('Pur130', '2023-05-03', 132405, 'Pp1004', 1027, 2, 10000),
('Pur131', '2023-05-03', 101367, 'Mp0001', 1025, 25, 25000),
('Pur132', '2023-05-05', 101379, 'OP1001', 1015, 5, 112500),
('Pur133', '2023-05-05', 101521, 'OP1002', 1015, 40, 20000), 
('Pur134', '2023-05-07', 101525, 'OP1003', 1028, 10, 200000),
('Pur135', '2023-05-10', 102017, 'Op1004', 1022, 10, 100000),
('Pur136', '2023-05-13', 102024, 'OP1005', 1023, 5, 300000),
('Pur137', '2023-05-17', 102031, 'Pp1001', 1033, 50, 50000),
('Pur138', '2023-05-21', 102231, 'Pp1002', 1013, 4, 90000),
('Pur139', '2023-05-21', 102405, 'Pp1003', 1013, 3, 127500),
('Pur140', '2023-05-25', 103321, 'Pp1004', 1011, 5, 25000),
('Pur141', '2023-05-25', 100005, 'Mp0001', 1010, 15, 15000),
('Pur142', '2023-05-28', 100221, 'OP1001', 1040, 5, 112500),
('Pur143', '2023-05-28', 100129, 'OP1002', 1039, 20, 10000), 
('Pur144', '2023-05-30', 100889, 'OP1003', 1029, 2, 40000),
('Pur145', '2023-05-30', 101021, 'Op1004', 1017, 5, 50000),
('Pur146', '2023-05-31', 101029, 'OP1005', 1015, 2, 120000),
('Pur147', '2023-06-02', 101045, 'Pp1001', 1010, 20, 20000),
('Pur148', '2023-06-03', 101101, 'Pp1002', 1010, 4, 90000),
('Pur149', '2023-06-03', 101245, 'Pp1003', 1011, 3, 127500),
('Pur150', '2023-06-04', 101325, 'Pp1004', 1020, 2, 10000),
('Pur151', '2023-06-04', 101367, 'Mp0001', 1017, 25, 25000),
('Pur152', '2023-06-05', 101379, 'OP1001', 1013, 5, 112500),
('Pur153', '2023-06-06', 101521, 'OP1002', 1011, 40, 20000), 
('Pur154', '2023-06-06', 101525, 'OP1003', 1010, 10, 200000),
('Pur155', '2023-06-07', 102017, 'Op1004', 1023, 10, 100000),
('Pur156', '2023-06-08', 102024, 'OP1005', 1022, 5, 300000),
('Pur157', '2023-06-10', 102031, 'Pp1001', 1031, 50, 50000),
('Pur158', '2023-06-10', 102231, 'Pp1002', 1040, 4, 90000),
('Pur160', '2023-06-11', 102405, 'Pp1003', 1039, 3, 127500),
('Pur159', '2023-06-13', 103321, 'Pp1004', 1015, 5, 25000),
('Pur165', '2023-06-13', 100005, 'Mp0001', 1033, 15, 15000),
('Pur161', '2023-06-15', 100221, 'OP1001', 1028, 5, 112500),
('Pur163', '2023-06-15', 100129, 'OP1002', 1017, 20, 10000), 
('Pur162', '2023-06-16', 100889, 'OP1003', 1015, 2, 40000),
('Pur164', '2023-06-17', 101021, 'Op1004', 1011, 5, 50000),
('Pur166', '2023-06-17', 101029, 'OP1005', 1020, 2, 120000),
('Pur167', '2023-06-20', 101045, 'Pp1001', 1020, 20, 20000),
('Pur168', '2023-06-20', 101101, 'Pp1002', 1022, 4, 90000),
('Pur169', '2023-06-23', 101245, 'Pp1003', 1023, 3, 127500),
('Pur170', '2023-06-23', 101325, 'Pp1004', 1010, 2, 10000),
('Pur171', '2023-06-25', 101367, 'Mp0001', 1010, 25, 25000),
('Pur172', '2023-06-25', 101379, 'OP1001', 1015, 5, 112500),
('Pur173', '2023-06-29', 101521, 'OP1002', 1011, 40, 20000), 
('Pur174', '2023-06-29', 101525, 'OP1003', 1013, 10, 200000),
('Pur175', '2023-06-29', 102017, 'Op1004', 1010, 10, 100000),
('Pur176', '2023-07-01', 102024, 'OP1005', 1039, 5, 300000),
('Pur177', '2023-07-03', 102031, 'Pp1001', 1023, 50, 50000),
('Pur178', '2023-07-03', 102231, 'Pp1002', 1033, 4, 90000),
('Pur180', '2023-07-04', 102405, 'Pp1003', 1035, 3, 127500),
('Pur179', '2023-07-04', 103321, 'Pp1004', 1035, 5, 25000),
('Pur181', '2023-07-04', 103421, 'Mp0001', 1031, 5, 5000),
('Pur182', '2023-07-07', 103389, 'OP1001', 1036, 1, 22500),
('Pur183', '2023-07-07', 103821, 'OP1002', 1036, 100, 50000), 
('Pur184', '2023-07-07', 105889, 'OP1003', 1036, 5, 100000),
('Pur185', '2023-07-09', 108017, 'Op1004', 1040, 5, 50000),
('Pur186', '2023-07-09', 110015, 'OP1005', 1040, 3, 180000),
('Pur187', '2023-07-09', 110038, 'Pp1001', 1010, 50, 50000),
('Pur188', '2023-07-09', 110089, 'Pp1002', 1011, 2, 45000),
('Pur189', '2023-07-09', 110189, 'Pp1003', 1021, 3, 85000),
('Pur190', '2023-07-11', 110230, 'Pp1004', 1022, 1, 5000),
('Pur192', '2023-07-11', 110259, 'Mp0001', 1015, 50, 50000),
('Pur191', '2023-07-11', 110778, 'OP1001', 1015, 4, 90000),
('Pur193', '2023-07-12', 110900, 'OP1002', 1020, 100, 50000), 
('Pur194', '2023-07-12', 111009, 'OP1003', 1040, 6, 120000),
('Pur195', '2023-07-13', 111230, 'Op1004', 1011, 4, 40000),
('Pur196', '2023-07-13', 112004, 'OP1005', 1013, 3, 180000),
('Pur197', '2023-07-13', 112031, 'Pp1001', 1015, 30, 30000),
('Pur198', '2023-07-14', 113001, 'Pp1002', 1017, 3, 67500),
('Pur199', '2023-07-14', 115004, 'Pp1003', 1010, 6, 225000),
('Pur200', '2023-07-14', 118527, 'Pp1004', 1011, 3, 15000),
('Pur201', '2023-07-14', 118900, 'Mp0001', 1013, 15, 15000),
('Pur202', '2023-07-15', 120049, 'OP1001', 1015, 5, 112500),
('Pur203', '2023-07-15', 120269, 'OP1002', 1017, 20, 10000), 
('Pur204', '2023-07-15', 121021, 'OP1003', 1017, 2, 40000),
('Pur205', '2023-07-15', 121834, 'Op1004', 1015, 5, 50000),
('Pur206', '2023-07-15', 122051, 'OP1005', 1015, 2, 120000),
('Pur207', '2023-07-17', 122734, 'Pp1001', 1017, 20, 20000),
('Pur208', '2023-07-17', 131101, 'Pp1002', 1017, 4, 90000),
('Pur209', '2023-07-17', 132094, 'Pp1003', 1020, 3, 127500),
('Pur210', '2023-07-17', 132405, 'Pp1004', 1011, 2, 10000),
('Pur211', '2023-07-18', 101367, 'Mp0001', 1031, 25, 25000),
('Pur212', '2023-07-18', 101379, 'OP1001', 1022, 5, 112500),
('Pur213', '2023-07-18', 101521, 'OP1002', 1022, 40, 20000), 
('Pur214', '2023-07-18', 101525, 'OP1003', 1022, 10, 200000),
('Pur215', '2023-07-18', 102017, 'Op1004', 1023, 10, 100000),
('Pur216', '2023-07-18', 102024, 'OP1005', 1023, 5, 300000),
('Pur217', '2023-07-18', 102031, 'Pp1001', 1025, 50, 50000),
('Pur218', '2023-07-20', 102231, 'Pp1002', 1031, 4, 90000),
('Pur220', '2023-07-20', 102405, 'Pp1003', 1031, 3, 127500),
('Pur219', '2023-07-20', 103321, 'Pp1004', 1033, 5, 25000),
('Pur225', '2023-07-22', 100005, 'Mp0001', 1022, 15, 15000),
('Pur221', '2023-07-20', 100221, 'OP1001', 1031, 5, 112500),
('Pur223', '2023-07-21', 100129, 'OP1002', 1040, 20, 10000), 
('Pur222', '2023-07-21', 100889, 'OP1003', 1040, 2, 40000),
('Pur224', '2023-07-21', 101021, 'Op1004', 1039, 5, 50000),
('Pur226', '2023-07-22', 101029, 'OP1005', 1028, 2, 120000),
('Pur227', '2023-07-22', 101045, 'Pp1001', 1020, 20, 20000),
('Pur228', '2023-07-22', 101101, 'Pp1002', 1035, 4, 90000),
('Pur229', '2023-07-22', 101245, 'Pp1003', 1031, 3, 127500),
('Pur230', '2023-07-23', 101325, 'Pp1004', 1031, 2, 10000),
('Pur235', '2023-07-23', 101367, 'Mp0001', 1040, 25, 25000),
('Pur231', '2023-07-23', 101379, 'OP1001', 1023, 5, 112500),
('Pur233', '2023-07-23', 101521, 'OP1002', 1023, 40, 20000), 
('Pur232', '2023-07-23', 101525, 'OP1003', 1023, 10, 200000),
('Pur234', '2023-07-23', 102017, 'Op1004', 1010, 10, 100000),
('Pur236', '2023-07-25', 102024, 'OP1005', 1010, 5, 300000),
('Pur237', '2023-07-25', 102031, 'Pp1001', 1011, 50, 50000),
('Pur238', '2023-07-25', 102231, 'Pp1002', 1011, 4, 90000),
('Pur240', '2023-07-25', 102405, 'Pp1003', 1021, 3, 127500),
('Pur239', '2023-07-25', 103321, 'Pp1004', 1022, 5, 25000),
('Pur245', '2023-07-26', 100005, 'Mp0001', 1023, 15, 15000),
('Pur241', '2023-07-26', 100221, 'OP1001', 1039, 5, 112500),
('Pur243', '2023-07-26', 100129, 'OP1002', 1036, 20, 10000), 
('Pur242', '2023-07-26', 100889, 'OP1003', 1029, 2, 40000),
('Pur244', '2023-07-26', 101021, 'Op1004', 1029, 5, 50000),
('Pur246', '2023-07-28', 101029, 'OP1005', 1037, 2, 120000),
('Pur247', '2023-07-28', 101045, 'Pp1001', 1037, 20, 20000),
('Pur248', '2023-07-28', 101101, 'Pp1002', 1028, 4, 90000),
('Pur249', '2023-07-28', 101245, 'Pp1003', 1033, 3, 127500),
('Pur250', '2023-07-29', 101325, 'Pp1004', 1027, 2, 10000),
('Pur255', '2023-07-31', 101367, 'Mp0001', 1025, 25, 25000),
('Pur251', '2023-07-29', 101379, 'OP1001', 1013, 5, 112500),
('Pur253', '2023-07-29', 101521, 'OP1002', 1013, 40, 20000), 
('Pur252', '2023-07-29', 101525, 'OP1003', 1015, 10, 200000),
('Pur254', '2023-07-31', 102017, 'Op1004', 1015, 10, 100000),
('Pur256', '2023-08-01', 102024, 'OP1005', 1023, 5, 300000),
('Pur257', '2023-08-01', 102031, 'Pp1001', 1013, 50, 50000),
('Pur258', '2023-08-01', 102231, 'Pp1002', 1023, 4, 90000),
('Pur260', '2023-08-01', 102405, 'Pp1003', 1013, 3, 127500),
('Pur259', '2023-08-01', 103321, 'Pp1004', 1023, 5, 25000),
('Pur261', '2023-08-02', 103421, 'Mp0001', 1010, 5, 5000),
('Pur262', '2023-08-02', 103389, 'OP1001', 1010, 1, 22500),
('Pur263', '2023-08-02', 103821, 'OP1002', 1011, 100, 50000), 
('Pur264', '2023-08-02', 105889, 'OP1003', 1011, 5, 100000),
('Pur265', '2023-08-02', 108017, 'Op1004', 1040, 5, 50000),
('Pur266', '2023-08-03', 110015, 'OP1005', 1040, 3, 180000),
('Pur267', '2023-08-03', 110038, 'Pp1001', 1040, 50, 50000),
('Pur268', '2023-08-03', 110089, 'Pp1002', 1039, 2, 45000),
('Pur269', '2023-08-04', 110189, 'Pp1003', 1031, 3, 85000),
('Pur270', '2023-08-04', 110230, 'Pp1004', 1020, 1, 5000),
('Pur272', '2023-08-04', 110259, 'Mp0001', 1021, 50, 50000),
('Pur271', '2023-08-04', 110778, 'OP1001', 1021, 4, 90000),
('Pur273', '2023-08-05', 110900, 'OP1002', 1023, 100, 50000), 
('Pur274', '2023-08-05', 111009, 'OP1003', 1023, 6, 120000),
('Pur275', '2023-08-05', 111230, 'Op1004', 1013, 4, 40000),
('Pur276', '2023-08-05', 112004, 'OP1005', 1010, 3, 180000),
('Pur277', '2023-08-07', 112031, 'Pp1001', 1010, 30, 30000),
('Pur278', '2023-08-07', 113001, 'Pp1002', 1010, 3, 67500),
('Pur279', '2023-08-07', 115004, 'Pp1003', 1013, 6, 225000),
('Pur280', '2023-08-07', 118527, 'Pp1004', 1015, 3, 15000),
('Pur281', '2023-08-09', 118900, 'Mp0001', 1010, 15, 15000),
('Pur282', '2023-08-09', 120049, 'OP1001', 1011, 5, 112500),
('Pur283', '2023-08-09', 120269, 'OP1002', 1017, 20, 10000), 
('Pur284', '2023-08-09', 121021, 'OP1003', 1017, 2, 40000),
('Pur285', '2023-08-09', 121834, 'Op1004', 1017, 5, 50000),
('Pur286', '2023-08-10', 122051, 'OP1005', 1020, 2, 120000),
('Pur287', '2023-08-10', 122734, 'Pp1001', 1020, 20, 20000),
('Pur288', '2023-08-10', 131101, 'Pp1002', 1013, 4, 90000),
('Pur289', '2023-08-10', 132094, 'Pp1003', 1013, 3, 127500),
('Pur290', '2023-08-11', 132405, 'Pp1004', 1015, 2, 10000),
('Pur291', '2023-08-11', 101367, 'Mp0001', 1025, 25, 25000),
('Pur292', '2023-08-11', 101379, 'OP1001', 1021, 5, 112500),
('Pur293', '2023-08-12', 101521, 'OP1002', 1040, 40, 20000), 
('Pur294', '2023-08-12', 101525, 'OP1003', 1013, 10, 200000),
('Pur295', '2023-08-12', 102017, 'Op1004', 1010, 10, 100000),
('Pur296', '2023-08-13', 102024, 'OP1005', 1015, 5, 300000),
('Pur297', '2023-08-13', 102031, 'Pp1001', 1023, 50, 50000),
('Pur298', '2023-08-13', 102231, 'Pp1002', 1021, 4, 90000),
('Pur300', '2023-08-15', 102405, 'Pp1003', 1021, 3, 127500),
('Pur299', '2023-08-15', 103321, 'Pp1004', 1021, 5, 25000),
('Pur305', '2023-08-18', 100005, 'Mp0001', 1011, 15, 15000),
('Pur301', '2023-08-15', 100221, 'OP1001', 1017, 5, 112500),
('Pur303', '2023-08-16', 100129, 'OP1002', 1010, 20, 10000), 
('Pur302', '2023-08-16', 100889, 'OP1003', 1011, 2, 40000),
('Pur304', '2023-08-18', 101021, 'Op1004', 1022, 5, 50000),
('Pur306', '2023-08-18', 101029, 'OP1005', 1023, 2, 120000),
('Pur307', '2023-08-18', 101045, 'Pp1001', 1023, 20, 20000),
('Pur308', '2023-08-18', 101101, 'Pp1002', 1023, 4, 90000),
('Pur309', '2023-08-19', 101245, 'Pp1003', 1021, 3, 127500),
('Pur310', '2023-08-19', 101325, 'Pp1004', 1025, 2, 10000),
('Pur315', '2023-08-20', 101367, 'Mp0001', 1031, 25, 25000),
('Pur311', '2023-08-19', 101379, 'OP1001', 1031, 5, 112500),
('Pur313', '2023-08-20', 101521, 'OP1002', 1033, 40, 20000), 
('Pur312', '2023-08-20', 101525, 'OP1003', 1033, 10, 200000),
('Pur314', '2023-08-20', 102017, 'Op1004', 1033, 10, 100000),
('Pur316', '2023-08-21', 102024, 'OP1005', 1040, 5, 300000),
('Pur317', '2023-08-21', 102031, 'Pp1001', 1040, 50, 50000),
('Pur318', '2023-08-21', 102231, 'Pp1002', 1037, 4, 90000),
('Pur320', '2023-08-21', 102405, 'Pp1003', 1010, 3, 127500),
('Pur319', '2023-08-21', 103321, 'Pp1004', 1010, 5, 25000),
('Pur325', '2023-08-22', 100005, 'Mp0001', 1010, 15, 15000),
('Pur321', '2023-08-21', 100221, 'OP1001', 1015, 5, 112500),
('Pur323', '2023-08-21', 100129, 'OP1002', 1025, 20, 10000), 
('Pur322', '2023-08-21', 100889, 'OP1003', 1015, 2, 40000),
('Pur324', '2023-08-21', 101021, 'Op1004', 1025, 5, 50000),
('Pur326', '2023-08-22', 101029, 'OP1005', 1027, 2, 120000),
('Pur327', '2023-08-22', 101045, 'Pp1001', 1027, 20, 20000),
('Pur328', '2023-08-22', 101101, 'Pp1002', 1021, 4, 90000),
('Pur329', '2023-08-22', 101245, 'Pp1003', 1022, 3, 127500),
('Pur330', '2023-08-23', 101325, 'Pp1004', 1021, 2, 10000),
('Pur335', '2023-08-23', 101367, 'Mp0001', 1022, 25, 25000),
('Pur331', '2023-08-23', 101379, 'OP1001', 1023, 5, 112500),
('Pur333', '2023-08-23', 101521, 'OP1002', 1040, 40, 20000), 
('Pur332', '2023-08-23', 101525, 'OP1003', 1040, 10, 200000),
('Pur334', '2023-08-23', 102017, 'Op1004', 1040, 10, 100000),
('Pur336', '2023-08-23', 102024, 'OP1005', 1039, 5, 300000),
('Pur337', '2023-08-23', 102031, 'Pp1001', 1025, 50, 50000),
('Pur338', '2023-08-24', 102231, 'Pp1002', 1025, 4, 90000),
('Pur340', '2023-08-24', 102405, 'Pp1003', 1025, 3, 127500),
('Pur339', '2023-08-24', 103321, 'Pp1004', 1025, 5, 25000),
('Pur341', '2023-08-24', 103421, 'Mp0001', 1011, 5, 5000),
('Pur342', '2023-08-24', 103389, 'OP1001', 1011, 1, 22500),
('Pur343', '2023-08-25', 103821, 'OP1002', 1025, 100, 50000), 
('Pur344', '2023-08-25', 105889, 'OP1003', 1015, 5, 100000),
('Pur345', '2023-08-25', 108017, 'Op1004', 1011, 5, 50000),
('Pur346', '2023-08-25', 110015, 'OP1005', 1023, 3, 180000),
('Pur347', '2023-08-25', 110038, 'Pp1001', 1023, 50, 50000),
('Pur348', '2023-08-25', 110089, 'Pp1002', 1023, 2, 45000),
('Pur349', '2023-08-25', 110189, 'Pp1003', 1011, 3, 85000),
('Pur350', '2023-08-26', 110230, 'Pp1004', 1010, 1, 5000),
('Pur352', '2023-08-26', 110259, 'Mp0001', 1010, 50, 50000),
('Pur351', '2023-08-26', 110778, 'OP1001', 1010, 4, 90000),
('Pur353', '2023-08-26', 110900, 'OP1002', 1011, 100, 50000), 
('Pur354', '2023-08-26', 111009, 'OP1003', 1011, 6, 120000),
('Pur355', '2023-08-26', 111230, 'Op1004', 1011, 4, 40000),
('Pur356', '2023-08-26', 112004, 'OP1005', 1010, 3, 180000),
('Pur357', '2023-08-26', 112031, 'Pp1001', 1031, 30, 30000),
('Pur358', '2023-08-27', 113001, 'Pp1002', 1027, 3, 67500),
('Pur359', '2023-08-27', 115004, 'Pp1003', 1027, 6, 225000),
('Pur360', '2023-08-27', 118527, 'Pp1004', 1027, 3, 15000),
('Pur361', '2023-08-27', 118900, 'Mp0001', 1023, 15, 15000),
('Pur362', '2023-08-27', 120049, 'OP1001', 1015, 5, 112500),
('Pur363', '2023-08-27', 120269, 'OP1002', 1015, 20, 10000), 
('Pur364', '2023-08-27', 121021, 'OP1003', 1015, 2, 40000),
('Pur365', '2023-08-27', 121834, 'Op1004', 1011, 5, 50000),
('Pur366', '2023-08-27', 122051, 'OP1005', 1031, 2, 120000),
('Pur367', '2023-08-27', 122734, 'Pp1001', 1031, 20, 20000),
('Pur368', '2023-08-28', 131101, 'Pp1002', 1039, 4, 90000),
('Pur369', '2023-08-28', 132094, 'Pp1003', 1039, 3, 127500),
('Pur370', '2023-08-28', 132405, 'Pp1004', 1039, 2, 10000),
('Pur371', '2023-08-28', 101367, 'Mp0001', 1015, 25, 25000),
('Pur372', '2023-08-28', 101379, 'OP1001', 1015, 5, 112500),
('Pur373', '2023-08-28', 101521, 'OP1002', 1011, 40, 20000), 
('Pur374', '2023-08-29', 101525, 'OP1003', 1013, 10, 200000),
('Pur375', '2023-08-29', 102017, 'Op1004', 1022, 10, 100000),
('Pur376', '2023-08-29', 102024, 'OP1005', 1022, 5, 300000),
('Pur377', '2023-08-29', 102031, 'Pp1001', 1023, 50, 50000),
('Pur378', '2023-08-29', 102231, 'Pp1002', 1033, 4, 90000),
('Pur380', '2023-08-29', 102405, 'Pp1003', 1033, 3, 127500),
('Pur379', '2023-08-29', 103321, 'Pp1004', 1033, 5, 25000),
('Pur385', '2023-08-30', 100005, 'Mp0001', 1035, 15, 15000),
('Pur381', '2023-08-30', 100221, 'OP1001', 1035, 5, 112500),
('Pur383', '2023-08-30', 100129, 'OP1002', 1033, 20, 10000), 
('Pur382', '2023-08-30', 100889, 'OP1003', 1010, 2, 40000),
('Pur384', '2023-08-30', 101021, 'Op1004', 1040, 5, 50000),
('Pur386', '2023-08-30', 101029, 'OP1005', 1040, 2, 120000),
('Pur387', '2023-08-30', 101045, 'Pp1001', 1040, 20, 20000),
('Pur388', '2023-08-30', 101101, 'Pp1002', 1035, 4, 90000),
('Pur389', '2023-08-30', 101245, 'Pp1003', 1035, 3, 127500),
('Pur390', '2023-08-30', 101325, 'Pp1004', 1022, 2, 10000),
('Pur395', '2023-08-30', 101367, 'Mp0001', 1022, 25, 25000),
('Pur391', '2023-08-30', 101379, 'OP1001', 1021, 5, 112500),
('Pur393', '2023-08-30', 101521, 'OP1002', 1022, 40, 20000), 
('Pur392', '2023-08-30', 101525, 'OP1003', 1013, 10, 200000),
('Pur394', '2023-08-30', 102017, 'Op1004', 1011, 10, 100000),
('Pur396', '2023-08-30', 102024, 'OP1005', 1023, 5, 300000),
('Pur397', '2023-08-30', 102031, 'Pp1001', 1023, 50, 50000),
('Pur398', '2023-08-30', 102231, 'Pp1002', 1040, 4, 90000),
('Pur400', '2023-08-30', 102405, 'Pp1003', 1033, 3, 127500),
('Pur399', '2023-08-30', 103321, 'Pp1004', 1033, 5, 25000),
('Pur405', '2023-08-31', 100005, 'Mp0001', 1015, 15, 15000),
('Pur401', '2023-08-31', 100221, 'OP1001', 1040, 5, 112500),
('Pur403', '2023-08-31', 100129, 'OP1002', 1013, 20, 10000), 
('Pur402', '2023-08-31', 100889, 'OP1003', 1013, 2, 40000),
('Pur404', '2023-08-31', 101021, 'Op1004', 1011, 5, 50000),
('Pur406', '2023-08-31', 101029, 'OP1005', 1027, 2, 120000),
('Pur407', '2023-08-31', 101045, 'Pp1001', 1020, 20, 20000),
('Pur408', '2023-08-31', 101101, 'Pp1002', 1010, 4, 90000),
('Pur409', '2023-08-31', 101245, 'Pp1003', 1010, 3, 127500),
('Pur410', '2023-08-31', 101325, 'Pp1004', 1025, 2, 10000),
('Pur415', '2023-08-31', 101367, 'Mp0001', 1025, 25, 25000),
('Pur411', '2023-08-31', 101379, 'OP1001', 1025, 5, 112500),
('Pur413', '2023-08-31', 101521, 'OP1002', 1040, 40, 20000), 
('Pur412', '2023-08-31', 101525, 'OP1003', 1017, 10, 200000),
('Pur414', '2023-08-31', 102017, 'Op1004', 1017, 10, 100000),
('Pur416', '2023-08-31', 102024, 'OP1005', 1015, 5, 300000),
('Pur417', '2023-08-31', 102031, 'Pp1001', 1013, 50, 50000),
('Pur418', '2023-08-31', 102231, 'Pp1002', 1023, 4, 90000),
('Pur420', '2023-08-31', 102405, 'Pp1003', 1023, 3, 127500),
('Pur419', '2023-08-31', 103321, 'Pp1004', 1031, 5, 25000);

insert into `sales` values
('Pur421', '2023-09-01', 103421, 'Mp0001', 1010, 5, 5000),
('Pur422', '2023-09-01', 103389, 'OP1001', 1010, 1, 22500),
('Pur423', '2023-09-01', 103821, 'OP1002', 1010, 100, 50000),
('Pur424', '2023-09-01', 105889, 'OP1003', 1011, 5, 100000),
('Pur425', '2023-09-01', 108017, 'Op1004', 1013, 5, 50000),
('Pur426', '2023-09-01', 110015, 'OP1005', 1015, 3, 180000),
('Pur427', '2023-09-01', 110038, 'Pp1001', 1017, 50, 50000),
('Pur428', '2023-09-01', 110089, 'Pp1002', 1020, 2, 45000),
('Pur429', '2023-09-01', 110189, 'Pp1003', 1021, 3, 85000),
('Pur430', '2023-09-02', 110230, 'Pp1004', 1022, 1, 5000),
('Pur432', '2023-09-02', 110259, 'Mp0001', 1023, 50, 50000),
('Pur431', '2023-09-02', 110778, 'OP1001', 1025, 4, 90000),
('Pur433', '2023-09-02', 110900, 'OP1002', 1027, 100, 50000),
('Pur434', '2023-09-02', 111009, 'OP1003', 1028, 6, 120000),
('Pur435', '2023-09-02', 111230, 'Op1004', 1029, 4, 40000),
('Pur436', '2023-09-03', 112004, 'OP1005', 1031, 3, 180000),
('Pur437', '2023-09-03', 112031, 'Pp1001', 1033, 30, 30000),
('Pur438', '2023-09-03', 113001, 'Pp1002', 1035, 3, 67500),
('Pur439', '2023-09-03', 115004, 'Pp1003', 1036, 6, 225000),
('Pur440', '2023-09-03', 118527, 'Pp1004', 1037, 3, 15000),
('Pur441', '2023-09-03', 118900, 'Mp0001', 1039, 15, 15000),
('Pur442', '2023-09-05', 120049, 'OP1001', 1040, 5, 112500),
('Pur443', '2023-09-05', 120269, 'OP1002', 1010, 20, 10000),
('Pur444', '2023-09-05', 121021, 'OP1003', 1011, 2, 40000),
('Pur445', '2023-09-05', 121834, 'Op1004', 1013, 5, 50000),
('Pur446', '2023-09-07', 122051, 'OP1005', 1015, 2, 120000),
('Pur447', '2023-09-07', 122734, 'Pp1001', 1017, 20, 20000),
('Pur448', '2023-09-07', 131101, 'Pp1002', 1020, 4, 90000),
('Pur449', '2023-09-08', 132094, 'Pp1003', 1021, 3, 127500),
('Pur450', '2023-09-08', 132405, 'Pp1004', 1022, 2, 10000),
('Pur451', '2023-09-08', 101367, 'Mp0001', 1023, 25, 25000),
('Pur452', '2023-09-08', 101379, 'OP1001', 1025, 5, 112500),
('Pur453', '2023-09-08', 101521, 'OP1002', 1027, 40, 20000),
('Pur454', '2023-09-08', 101525, 'OP1003', 1028, 10, 200000),
('Pur455', '2023-09-09', 102017, 'Op1004', 1029, 10, 100000),
('Pur456', '2023-09-09', 102024, 'OP1005', 1031, 5, 300000),
('Pur457', '2023-09-09', 102031, 'Pp1001', 1033, 50, 50000),
('Pur458', '2023-09-09', 102231, 'Pp1002', 1035, 4, 90000),
('Pur460', '2023-09-09', 102405, 'Pp1003', 1036, 3, 127500),
('Pur459', '2023-09-09', 103321, 'Pp1004', 1037, 5, 25000),
('Pur465', '2023-09-10', 100005, 'Mp0001', 1039, 15, 15000),
('Pur461', '2023-09-09', 100221, 'OP1001', 1040, 5, 112500),
('Pur463', '2023-09-10', 100129, 'OP1002', 1010, 20, 10000),
('Pur462', '2023-09-09', 100889, 'OP1003', 1011, 2, 40000),
('Pur464', '2023-09-10', 101021, 'Op1004', 1013, 5, 50000),
('Pur466', '2023-09-10', 101029, 'OP1005', 1015, 2, 120000),
('Pur467', '2023-09-10', 101045, 'Pp1001', 1017, 20, 20000),
('Pur468', '2023-09-11', 101101, 'Pp1002', 1010, 4, 90000),
('Pur469', '2023-09-11', 101245, 'Pp1003', 1011, 3, 127500),
('Pur470', '2023-09-11', 101325, 'Pp1004', 1013, 2, 10000),
('Pur475', '2023-09-11', 101367, 'Mp0001', 1015, 25, 25000),
('Pur471', '2023-09-11', 101379, 'OP1001', 1017, 5, 112500),
('Pur473', '2023-09-12', 101521, 'OP1002', 1020, 40, 20000),
('Pur472', '2023-09-12', 101525, 'OP1003', 1021, 10, 200000),
('Pur474', '2023-09-12', 102017, 'Op1004', 1022, 10, 100000),
('Pur476', '2023-09-12', 102024, 'OP1005', 1023, 5, 300000),
('Pur477', '2023-09-12', 102031, 'Pp1001', 1025, 50, 50000),
('Pur478', '2023-09-13', 102231, 'Pp1002', 1027, 4, 90000),
('Pur480', '2023-09-13', 102405, 'Pp1003', 1028, 3, 127500),
('Pur479', '2023-09-15', 103321, 'Pp1004', 1029, 5, 25000),
('Pur485', '2023-09-18', 100005, 'Mp0001', 1031, 15, 15000),
('Pur481', '2023-09-15', 100221, 'OP1001', 1033, 5, 112500),
('Pur483', '2023-09-18', 100129, 'OP1002', 1035, 20, 10000),
('Pur482', '2023-09-18', 100889, 'OP1003', 1036, 2, 40000),
('Pur484', '2023-09-18', 101021, 'Op1004', 1037, 5, 50000),
('Pur486', '2023-09-20', 101029, 'OP1005', 1039, 2, 120000),
('Pur487', '2023-09-20', 101045, 'Pp1001', 1040, 20, 20000),
('Pur488', '2023-09-20', 101101, 'Pp1002', 1010, 4, 90000),
('Pur489', '2023-09-23', 101245, 'Pp1003', 1011, 3, 127500),
('Pur490', '2023-09-23', 101325, 'Pp1004', 1013, 2, 10000),
('Pur495', '2023-09-25', 101367, 'Mp0001', 1015, 25, 25000),
('Pur491', '2023-09-23', 101379, 'OP1001', 1017, 5, 112500),
('Pur493', '2023-09-25', 101521, 'OP1002', 1020, 40, 20000),
('Pur492', '2023-09-24', 101525, 'OP1003', 1021, 10, 200000),
('Pur494', '2023-09-25', 102017, 'Op1004', 1022, 10, 100000),
('Pur496', '2023-09-27', 102024, 'OP1005', 1023, 5, 300000),
('Pur497', '2023-09-27', 102031, 'Pp1001', 1025, 50, 50000),
('Pur498', '2023-09-27', 102231, 'Pp1002', 1027, 4, 90000),
('Pur500', '2023-10-02', 102405, 'Pp1003', 1028, 3, 127500),
('Pur499', '2023-10-02', 103321, 'Pp1004', 1029, 5, 25000),
('Pur521', '2023-10-10', 103421, 'Mp0001', 1031, 5, 5000),
('Pur522', '2023-10-11', 103389, 'OP1001', 1033, 1, 22500),
('Pur523', '2023-10-11', 103821, 'OP1002', 1035, 100, 50000),
('Pur524', '2023-10-11', 105889, 'OP1003', 1036, 5, 100000),
('Pur525', '2023-10-12', 108017, 'Op1004', 1037, 5, 50000),
('Pur526', '2023-10-12', 110015, 'OP1005', 1039, 3, 180000),
('Pur527', '2023-10-12', 110038, 'Pp1001', 1040, 50, 50000),
('Pur528', '2023-10-12', 110089, 'Pp1002', 1010, 2, 45000),
('Pur529', '2023-10-14', 110189, 'Pp1003', 1011, 3, 85000),
('Pur530', '2023-10-14', 110230, 'Pp1004', 1013, 1, 5000),
('Pur532', '2023-10-14', 110259, 'Mp0001', 1015, 50, 50000),
('Pur531', '2023-10-14', 110778, 'OP1001', 1017, 4, 90000),
('Pur533', '2023-10-15', 110900, 'OP1002', 1020, 100, 50000),
('Pur534', '2023-10-15', 111009, 'OP1003', 1021, 6, 120000),
('Pur535', '2023-10-15', 111230, 'Op1004', 1022, 4, 40000),
('Pur536', '2023-10-15', 112004, 'OP1005', 1023, 3, 180000),
('Pur537', '2023-10-17', 112031, 'Pp1001', 1025, 30, 30000),
('Pur538', '2023-10-17', 113001, 'Pp1002', 1027, 3, 67500),
('Pur539', '2023-10-17', 115004, 'Pp1003', 1028, 6, 225000),
('Pur540', '2023-10-17', 118527, 'Pp1004', 1029, 3, 15000),
('Pur541', '2023-10-18', 118900, 'Mp0001', 1031, 15, 15000),
('Pur542', '2023-10-18', 120049, 'OP1001', 1033, 5, 112500),
('Pur543', '2023-10-18', 120269, 'OP1002', 1035, 20, 10000),
('Pur544', '2023-10-19', 121021, 'OP1003', 1036, 2, 40000),
('Pur545', '2023-10-19', 121834, 'Op1004', 1037, 5, 50000),
('Pur546', '2023-10-19', 122051, 'OP1005', 1039, 2, 120000),
('Pur547', '2023-10-19', 122734, 'Pp1001', 1040, 20, 20000),
('Pur548', '2023-10-20', 131101, 'Pp1002', 1010, 4, 90000),
('Pur549', '2023-10-20', 132094, 'Pp1003', 1011, 3, 127500),
('Pur550', '2023-10-20', 132405, 'Pp1004', 1013, 2, 10000),
('Pur551', '2023-10-21', 101367, 'Mp0001', 1015, 25, 25000),
('Pur552', '2023-10-21', 101379, 'OP1001', 1017, 5, 112500),
('Pur553', '2023-10-21', 101521, 'OP1002', 1020, 40, 20000),
('Pur554', '2023-10-21', 101525, 'OP1003', 1021, 10, 200000),
('Pur555', '2023-10-24', 102017, 'Op1004', 1022, 10, 100000),
('Pur556', '2023-10-24', 102024, 'OP1005', 1023, 5, 300000),
('Pur557', '2023-10-24', 102031, 'Pp1001', 1025, 50, 50000),
('Pur558', '2023-10-25', 102231, 'Pp1002', 1027, 4, 90000),
('Pur560', '2023-10-25', 102405, 'Pp1003', 1028, 3, 127500),
('Pur559', '2023-10-25', 103321, 'Pp1004', 1029, 5, 25000),
('Pur505', '2023-10-05', 100005, 'Mp0001', 1031, 15, 15000),
('Pur501', '2023-10-02', 100221, 'OP1001', 1033, 5, 112500),
('Pur503', '2023-10-03', 100129, 'OP1002', 1035, 20, 10000),
('Pur502', '2023-10-03', 100889, 'OP1003', 1036, 2, 40000),
('Pur504', '2023-10-03', 101021, 'Op1004', 1037, 5, 50000),
('Pur506', '2023-10-05', 101029, 'OP1005', 1039, 2, 120000),
('Pur507', '2023-10-05', 101045, 'Pp1001', 1040, 20, 20000),
('Pur508', '2023-10-05', 101101, 'Pp1002', 1010, 4, 90000),
('Pur509', '2023-10-07', 101245, 'Pp1003', 1011, 3, 127500),
('Pur510', '2023-10-07', 101325, 'Pp1004', 1013, 2, 10000),
('Pur515', '2023-10-09', 101367, 'Mp0001', 1015, 25, 25000),
('Pur511', '2023-10-07', 101379, 'OP1001', 1017, 5, 112500),
('Pur513', '2023-10-08', 101521, 'OP1002', 1020, 40, 20000),
('Pur512', '2023-10-08', 101525, 'OP1003', 1021, 10, 200000),
('Pur514', '2023-10-08', 102017, 'Op1004', 1022, 10, 100000),
('Pur516', '2023-10-09', 102024, 'OP1005', 1023, 5, 300000),
('Pur517', '2023-10-09', 102031, 'Pp1001', 1025, 50, 50000),
('Pur518', '2023-10-10', 102231, 'Pp1002', 1027, 4, 90000),
('Pur520', '2023-10-10', 102405, 'Pp1003', 1028, 3, 127500),
('Pur519', '2023-10-10', 103321, 'Pp1004', 1029, 5, 25000),
('Pur565', '2023-10-28', 100005, 'Mp0001', 1031, 15, 15000),
('Pur561', '2023-10-27', 100221, 'OP1001', 1033, 5, 112500),
('Pur563', '2023-10-27', 100129, 'OP1002', 1035, 20, 10000),
('Pur562', '2023-10-27', 100889, 'OP1003', 1036, 2, 40000),
('Pur564', '2023-10-28', 101021, 'Op1004', 1037, 5, 50000),
('Pur566', '2023-10-28', 101029, 'OP1005', 1039, 2, 120000),
('Pur567', '2023-10-28', 101045, 'Pp1001', 1040, 20, 20000),
('Pur568', '2023-10-29', 101101, 'Pp1002', 1010, 4, 90000),
('Pur569', '2023-10-29', 101245, 'Pp1003', 1011, 3, 127500),
('Pur570', '2023-10-29', 101325, 'Pp1004', 1013, 2, 10000),
('Pur575', '2023-10-31', 101367, 'Mp0001', 1015, 25, 25000),
('Pur571', '2023-10-30', 101379, 'OP1001', 1017, 5, 112500),
('Pur573', '2023-10-30', 101521, 'OP1002', 1020, 40, 20000),
('Pur572', '2023-10-30', 101525, 'OP1003', 1021, 10, 200000),
('Pur574', '2023-10-30', 102017, 'Op1004', 1022, 10, 100000),
('Pur576', '2023-10-31', 102024, 'OP1005', 1023, 5, 300000),
('Pur577', '2023-10-31', 102031, 'Pp1001', 1025, 50, 50000),
('Pur578', '2023-10-31', 102231, 'Pp1002', 1027, 4, 90000),
('Pur580', '2023-11-01', 102405, 'Pp1003', 1028, 3, 127500),
('Pur579', '2023-11-01', 103321, 'Pp1004', 1029, 5, 25000),
('Pur581', '2023-11-01', 103421, 'Mp0001', 1031, 5, 5000),
('Pur582', '2023-11-01', 103389, 'OP1001', 1033, 1, 22500),
('Pur583', '2023-11-02', 103821, 'OP1002', 1035, 100, 50000),
('Pur584', '2023-11-02', 105889, 'OP1003', 1036, 5, 100000),
('Pur585', '2023-11-02', 108017, 'Op1004', 1037, 5, 50000),
('Pur586', '2023-11-03', 110015, 'OP1005', 1039, 3, 180000),
('Pur587', '2023-11-03', 110038, 'Pp1001', 1040, 50, 50000),
('Pur588', '2023-11-05', 110089, 'Pp1002', 1010, 2, 45000),
('Pur589', '2023-11-05', 110189, 'Pp1003', 1011, 3, 85000),
('Pur590', '2023-11-05', 110230, 'Pp1004', 1013, 1, 5000),
('Pur592', '2023-11-07', 110259, 'Mp0001', 1015, 50, 50000),
('Pur591', '2023-11-07', 110778, 'OP1001', 1017, 4, 90000),
('Pur593', '2023-11-07', 110900, 'OP1002', 1020, 100, 50000),
('Pur594', '2023-11-08', 111009, 'OP1003', 1021, 6, 120000),
('Pur595', '2023-11-10', 111230, 'Op1004', 1022, 4, 40000),
('Pur596', '2023-11-10', 112004, 'OP1005', 1023, 3, 180000),
('Pur597', '2023-11-12', 112031, 'Pp1001', 1025, 30, 30000),
('Pur598', '2023-11-12', 113001, 'Pp1002', 1027, 3, 67500),
('Pur599', '2023-11-13', 115004, 'Pp1003', 1028, 6, 225000),
('Pur600', '2023-11-13', 118527, 'Pp1004', 1029, 3, 15000),
('Pur641', '2023-12-01', 118900, 'Mp0001', 1031, 15, 15000),
('Pur642', '2023-12-01', 120049, 'OP1001', 1033, 5, 112500),
('Pur643', '2023-12-01', 120269, 'OP1002', 1035, 20, 10000),
('Pur644', '2023-12-01', 121021, 'OP1003', 1036, 2, 40000),
('Pur645', '2023-12-01', 121834, 'Op1004', 1037, 5, 50000),
('Pur646', '2023-12-01', 122051, 'OP1005', 1039, 2, 120000),
('Pur647', '2023-12-02', 122734, 'Pp1001', 1040, 20, 20000),
('Pur648', '2023-12-02', 131101, 'Pp1002', 1010, 4, 90000),
('Pur649', '2023-12-02', 132094, 'Pp1003', 1011, 3, 127500),
('Pur650', '2023-12-03', 132405, 'Pp1004', 1013, 2, 10000),
('Pur651', '2023-12-03', 101367, 'Mp0001', 1015, 25, 25000),
('Pur652', '2023-12-03', 101379, 'OP1001', 1017, 5, 112500),
('Pur653', '2023-12-03', 101521, 'OP1002', 1020, 40, 20000),
('Pur654', '2023-12-04', 101525, 'OP1003', 1021, 10, 200000),
('Pur655', '2023-12-04', 102017, 'Op1004', 1022, 10, 100000),
('Pur656', '2023-12-04', 102024, 'OP1005', 1023, 5, 300000),
('Pur657', '2023-12-04', 102031, 'Pp1001', 1025, 50, 50000),
('Pur658', '2023-12-04', 102231, 'Pp1002', 1027, 4, 90000),
('Pur660', '2023-12-04', 102405, 'Pp1003', 1028, 3, 127500),
('Pur659', '2023-12-05', 103321, 'Pp1004', 1029, 5, 25000),
('Pur605', '2023-11-14', 100005, 'Mp0001', 1031, 15, 15000),
('Pur601', '2023-11-14', 100221, 'OP1001', 1033, 5, 112500),
('Pur603', '2023-11-14', 100129, 'OP1002', 1035, 20, 10000),
('Pur602', '2023-11-14', 100889, 'OP1003', 1036, 2, 40000),
('Pur604', '2023-11-14', 101021, 'Op1004', 1037, 5, 50000),
('Pur606', '2023-11-14', 101029, 'OP1005', 1039, 2, 120000),
('Pur607', '2023-11-15', 101045, 'Pp1001', 1040, 20, 20000),
('Pur608', '2023-11-15', 101101, 'Pp1002', 1010, 4, 90000),
('Pur609', '2023-11-15', 101245, 'Pp1003', 1011, 3, 127500),
('Pur610', '2023-11-15', 101325, 'Pp1004', 1013, 2, 10000),
('Pur615', '2023-11-18', 101367, 'Mp0001', 1015, 25, 25000),
('Pur611', '2023-11-17', 101379, 'OP1001', 1017, 5, 112500),
('Pur613', '2023-11-17', 101521, 'OP1002', 1020, 40, 20000),
('Pur612', '2023-11-17', 101525, 'OP1003', 1021, 10, 200000),
('Pur614', '2023-11-18', 102017, 'Op1004', 1022, 10, 100000),
('Pur616', '2023-11-18', 102024, 'OP1005', 1023, 5, 300000),
('Pur617', '2023-11-18', 102031, 'Pp1001', 1025, 50, 50000),
('Pur618', '2023-11-20', 102231, 'Pp1002', 1027, 4, 90000),
('Pur620', '2023-11-20', 102405, 'Pp1003', 1028, 3, 127500),
('Pur619', '2023-11-20', 103321, 'Pp1004', 1029, 5, 25000),
('Pur625', '2023-11-22', 100005, 'Mp0001', 1031, 15, 15000),
('Pur621', '2023-11-20', 100221, 'OP1001', 1033, 5, 112500),
('Pur623', '2023-11-21', 100129, 'OP1002', 1035, 20, 10000),
('Pur622', '2023-11-21', 100889, 'OP1003', 1036, 2, 40000),
('Pur624', '2023-11-21', 101021, 'Op1004', 1037, 5, 50000),
('Pur626', '2023-11-22', 101029, 'OP1005', 1039, 2, 120000),
('Pur627', '2023-11-22', 101045, 'Pp1001', 1040, 20, 20000),
('Pur628', '2023-11-24', 101101, 'Pp1002', 1010, 4, 90000),
('Pur629', '2023-11-24', 101245, 'Pp1003', 1011, 3, 127500),
('Pur630', '2023-11-25', 101325, 'Pp1004', 1013, 2, 10000),
('Pur635', '2023-11-28', 101367, 'Mp0001', 1015, 25, 25000),
('Pur631', '2023-11-25', 101379, 'OP1001', 1017, 5, 112500),
('Pur633', '2023-11-28', 101521, 'OP1002', 1020, 40, 20000),
('Pur632', '2023-11-28', 101525, 'OP1003', 1021, 10, 200000),
('Pur634', '2023-11-28', 102017, 'Op1004', 1022, 10, 100000),
('Pur636', '2023-11-29', 102024, 'OP1005', 1023, 5, 300000),
('Pur637', '2023-11-29', 102031, 'Pp1001', 1025, 50, 50000),
('Pur638', '2023-11-30', 102231, 'Pp1002', 1027, 4, 90000),
('Pur640', '2023-11-30', 102405, 'Pp1003', 1028, 3, 127500),
('Pur639', '2023-11-30', 103321, 'Pp1004', 1029, 5, 25000),
('Pur661', '2023-12-05', 103421, 'Mp0001', 1031, 5, 5000),
('Pur662', '2023-12-05', 103389, 'OP1001', 1033, 1, 22500),
('Pur663', '2023-12-05', 103821, 'OP1002', 1035, 100, 50000),
('Pur664', '2023-12-05', 105889, 'OP1003', 1036, 5, 100000),
('Pur665', '2023-12-05', 108017, 'Op1004', 1037, 5, 50000),
('Pur666', '2023-12-06', 110015, 'OP1005', 1039, 3, 180000),
('Pur667', '2023-12-06', 110038, 'Pp1001', 1040, 50, 50000),
('Pur668', '2023-12-06', 110089, 'Pp1002', 1010, 2, 45000),
('Pur669', '2023-12-06', 110189, 'Pp1003', 1011, 3, 85000),
('Pur670', '2023-12-07', 110230, 'Pp1004', 1013, 1, 5000),
('Pur672', '2023-12-07', 110259, 'Mp0001', 1015, 50, 50000),
('Pur671', '2023-12-07', 110778, 'OP1001', 1017, 4, 90000),
('Pur673', '2023-12-08', 110900, 'OP1002', 1020, 100, 50000),
('Pur674', '2023-12-08', 111009, 'OP1003', 1021, 6, 120000),
('Pur675', '2023-12-10', 111230, 'Op1004', 1022, 4, 40000),
('Pur676', '2023-12-10', 112004, 'OP1005', 1023, 3, 180000),
('Pur677', '2023-12-10', 112031, 'Pp1001', 1025, 30, 30000),
('Pur678', '2023-12-10', 113001, 'Pp1002', 1027, 3, 67500),
('Pur679', '2023-12-10', 115004, 'Pp1003', 1028, 6, 225000),
('Pur680', '2023-12-12', 118527, 'Pp1004', 1029, 3, 15000),
('Pur681', '2023-12-12', 118900, 'Mp0001', 1031, 15, 15000),
('Pur682', '2023-12-12', 120049, 'OP1001', 1033, 5, 112500),
('Pur683', '2023-12-13', 120269, 'OP1002', 1035, 20, 10000),
('Pur684', '2023-12-13', 121021, 'OP1003', 1036, 2, 40000),
('Pur685', '2023-12-15', 121834, 'Op1004', 1037, 5, 50000),
('Pur686', '2023-12-15', 122051, 'OP1005', 1039, 2, 120000),
('Pur687', '2023-12-15', 122734, 'Pp1001', 1040, 20, 20000),
('Pur688', '2023-12-16', 131101, 'Pp1002', 1010, 4, 90000),
('Pur689', '2023-12-16', 132094, 'Pp1003', 1011, 3, 127500),
('Pur690', '2023-12-16', 132405, 'Pp1004', 1013, 2, 10000),
('Pur691', '2023-12-16', 101367, 'Mp0001', 1015, 25, 25000),
('Pur692', '2023-12-17', 101379, 'OP1001', 1017, 5, 112500),
('Pur693', '2023-12-17', 101521, 'OP1002', 1020, 40, 20000),
('Pur694', '2023-12-17', 101525, 'OP1003', 1021, 10, 200000),
('Pur695', '2023-12-17', 102017, 'Op1004', 1022, 10, 100000),
('Pur696', '2023-12-19', 102024, 'OP1005', 1023, 5, 300000),
('Pur697', '2023-12-21', 102031, 'Pp1001', 1025, 50, 50000),
('Pur698', '2023-12-21', 102231, 'Pp1002', 1027, 4, 90000),
('Pur700', '2023-12-21', 102405, 'Pp1003', 1028, 3, 127500),
('Pur699', '2023-12-21', 103321, 'Pp1004', 1029, 5, 25000),
('Pur701', '2023-12-12', 101367, 'Mp0001', 1031, 25, 25000),
('Pur702', '2023-12-22', 101379, 'OP1001', 1033, 5, 112500),
('Pur703', '2023-12-22', 101521, 'OP1002', 1035, 40, 20000),
('Pur704', '2023-12-22', 101525, 'OP1003', 1036, 10, 200000),
('Pur705', '2023-12-23', 102017, 'Op1004', 1037, 10, 100000),
('Pur706', '2023-12-23', 102024, 'OP1005', 1039, 5, 300000),
('Pur707', '2023-12-23', 102031, 'Pp1001', 1040, 50, 50000),
('Pur708', '2023-12-23', 102231, 'Pp1002', 1010, 4, 90000),
('Pur709', '2023-12-27', 102405, 'Pp1003', 1011, 3, 127500),
('Pur710', '2023-12-27', 103321, 'Pp1004', 1013, 5, 25000),
('Pur711', '2023-12-27', 101367, 'Mp0001', 1015, 25, 25000),
('Pur712', '2023-12-27', 101379, 'OP1001', 1017, 5, 112500),
('Pur713', '2023-12-27', 101521, 'OP1002', 1020, 40, 20000),
('Pur714', '2023-12-28', 101525, 'OP1003', 1021, 10, 200000),
('Pur715', '2023-12-28', 102017, 'Op1004', 1022, 10, 100000),
('Pur716', '2023-12-28', 102024, 'OP1005', 1023, 5, 300000),
('Pur717', '2023-12-28', 102031, 'Pp1001', 1025, 50, 50000),
('Pur718', '2023-12-28', 102231, 'Pp1002', 1027, 4, 90000),
('Pur719', '2023-12-28', 102405, 'Pp1003', 1028, 3, 127500),
('Pur720', '2023-12-29', 103321, 'Pp1004', 1029, 5, 25000),
('Pur721', '2023-12-29', 101367, 'Mp0001', 1031, 25, 25000),
('Pur722', '2023-12-29', 101379, 'OP1001', 1033, 5, 112500),
('Pur723', '2023-12-29', 101521, 'OP1002', 1035, 40, 20000),
('Pur724', '2023-12-30', 101525, 'OP1003', 1036, 10, 200000),
('Pur725', '2023-12-30', 102017, 'Op1004', 1037, 10, 100000),
('Pur726', '2023-12-30', 102024, 'OP1005', 1039, 5, 300000),
('Pur727', '2023-12-30', 102031, 'Pp1001', 1040, 50, 50000),
('Pur728', '2023-12-30', 102231, 'Pp1002', 1010, 4, 90000),
('Pur729', '2023-12-30', 102405, 'Pp1003', 1011, 3, 127500),
('Pur730', '2023-12-31', 103321, 'Pp1004', 1013, 5, 25000),
('Pur731', '2023-12-31', 102024, 'OP1005', 1015, 5, 300000),
('Pur732', '2023-12-31', 102031, 'Pp1001', 1017, 50, 50000),
('Pur733', '2023-12-31', 102231, 'Pp1002', 1020, 4, 90000),
('Pur734', '2023-12-31', 102405, 'Pp1003', 1021, 3, 127500),
('Pur735', '2023-12-31', 103321, 'Pp1004', 1022, 5, 25000);


#Task
#1.  Adding a new Sales Transaction to the system

set Foreign_key_checks=0;

Insert Into `sales` values
('Pur736', '2024-01-05', 110405, 'Mp0005', 1010, 2, 50000), 
('Pur737', '2024-01-05', 101301, 'OP1010', 1011, 10, 10000), 
('Pur738', '2024-01-05', 110732, 'OP1020', 1013, 10, 50000), 
('Pur739', '2024-01-05', 110495, 'Op1004', 1015, 10, 100000), 
('Pur740', '2024-01-05', 111467, 'OP1005', 1017, 5, 300000), 
('Pur741', '2024-01-05', 102031, 'Pp1010', 1025, 10, 50000), 
('Pur742', '2024-01-07', 101301, 'Pp1012', 1021, 4, 90000), 
('Pur743', '2024-01-07', 102405, 'Pp1003', 1022, 3, 127500), 
('Pur744', '2024-01-07', 103321, 'Pp1004', 1022, 5, 25000), 
('Pur745', '2024-01-07', 101367, 'Mp0005', 1025, 5, 125000), 
('Pur746', '2024-01-07', 110405, 'OP1010', 1027, 5, 112500), 
('Pur747', '2024-01-07', 111495, 'OP1020', 1027, 40, 20000), 
('Pur748', '2024-01-07', 101525, 'OP1003', 1027, 10, 200000), 
('Pur749', '2024-01-08', 110732, 'Op1004', 1031, 10, 100000), 
('Pur750', '2024-01-08', 102024, 'OP1005', 1031, 5, 300000), 
('Pur751', '2024-01-08', 102031, 'Pp1010', 1036, 50, 250000), 
('Pur752', '2024-01-08', 111467, 'Pp1012', 1036, 4, 40000), 
('Pur753', '2024-01-09', 102405, 'Pp1003', 1037, 3, 127500), 
('Pur754', '2024-01-09', 110405, 'Pp1004', 1039, 5, 25000), 
('Pur755', '2024-01-09', 110732, 'Mp0005', 1040, 2, 50000), 
('Pur756', '2024-01-10', 101379, 'OP1010', 1037, 15, 75000), 
('Pur757', '2024-01-10', 110495, 'OP1020', 1010, 10, 100000), 
('Pur758', '2024-01-10', 101525, 'OP1003', 1011, 10, 200000), 
('Pur759', '2024-01-11', 102017, 'Op1004', 1011, 10, 100000), 
('Pur760', '2024-01-11', 111467, 'OP1005', 1015, 5, 300000), 
('Pur761', '2024-01-11', 102031, 'Pp1001', 1017, 50, 50000), 
('Pur762', '2024-01-12', 102231, 'Pp1002', 1017, 4, 90000), 
('Pur763', '2024-01-12', 102405, 'Pp1003', 1021, 3, 127500), 
('Pur764', '2024-01-12', 103321, 'Pp1004', 1022, 5, 25000), 
('Pur765', '2024-01-12', 111467, 'OP1005', 1023, 5, 300000), 
('Pur766', '2024-01-13', 102031, 'Pp1010', 1022, 50, 250000), 
('Pur767', '2024-01-13', 102231, 'Pp1002', 1027, 4, 90000), 
('Pur768', '2024-01-13', 110405, 'Pp1003', 1028, 3, 127500), 
('Pur769', '2024-01-14', 103321, 'Pp1004', 1029, 5, 25000), 
('Pur770', '2024-01-14', 101301, 'OP1001', 1039, 4, 90000), 
('Pur771', '2024-01-15', 110732, 'OP1020', 1033, 100, 500000), 
('Pur772', '2024-01-15', 111009, 'OP1003', 1035, 6, 120000), 
('Pur773', '2024-01-15', 111230, 'Op1004', 1036, 4, 40000), 
('Pur774', '2024-01-16', 112004, 'OP1005', 1037, 3, 180000), 
('Pur775', '2024-01-16', 112031, 'Pp1001', 1039, 30, 30000), 
('Pur776', '2024-01-17', 113001, 'Pp1012', 1040, 3, 30000), 
('Pur777', '2024-01-17', 111467, 'Pp1003', 1020, 6, 225000), 
('Pur778', '2024-01-17', 110732, 'OP1001', 1010, 4, 90000), 
('Pur779', '2024-01-17', 110900, 'OP1002', 1011, 100, 50000), 
('Pur780', '2024-01-17', 111009, 'OP1003', 1013, 6, 120000), 
('Pur781', '2024-01-18', 110405, 'Pp1003', 1015, 3, 127500), 
('Pur782', '2024-01-18', 103321, 'Pp1004', 1017, 5, 25000), 
('Pur783', '2024-01-19', 111467, 'OP1005', 1020, 5, 300000), 
('Pur784', '2024-01-19', 102031, 'Pp1010', 1021, 50, 250000), 
('Pur785', '2024-01-19', 102231, 'Pp1002', 1022, 4, 90000), 
('Pur786', '2024-01-20', 110405, 'Pp1003', 1023, 3, 127500), 
('Pur787', '2024-01-20', 103321, 'Pp1004', 1025, 5, 25000), 
('Pur788', '2024-01-20', 101301, 'OP1001', 1027, 4, 90000), 
('Pur789', '2024-01-21', 110732, 'OP1020', 1028, 100, 500000), 
('Pur790', '2024-01-21', 110015, 'OP1003', 1029, 6, 120000), 
('Pur791', '2024-01-21', 111467, 'Op1004', 1031, 4, 40000), 
('Pur792', '2024-01-22', 112004, 'OP1005', 1033, 3, 180000), 
('Pur793', '2024-01-22', 112031, 'Pp1001', 1035, 30, 30000), 
('Pur794', '2024-01-24', 113001, 'Pp1012', 1036, 3, 30000), 
('Pur795', '2024-01-24', 111467, 'Pp1003', 1037, 6, 225000), 
('Pur796', '2024-01-24', 110732, 'OP1001', 1039, 4, 90000), 
('Pur797', '2024-01-24', 110405, 'OP1002', 1040, 100, 50000), 
('Pur799', '2024-01-25', 110015, 'OP1003', 1040, 6, 120000), 
('Pur800', '2024-01-25', 102231, 'Pp1012', 1010, 3, 30000), 
('Pur801', '2024-01-25', 111467, 'Pp1003', 1011, 6, 225000), 
('Pur802', '2024-01-27', 110732, 'OP1001', 1013, 4, 90000), 
('Pur803', '2024-01-27', 110405, 'OP1002', 1015, 100, 50000), 
('Pur804', '2024-01-27', 111009, 'OP1003', 1017, 6, 120000), 
('Pur805', '2024-01-28', 113001, 'Pp1012', 1020, 3, 30000), 
('Pur806', '2024-01-28', 111467, 'Pp1003', 1021, 6, 225000), 
('Pur807', '2024-01-28', 110732, 'OP1001', 1022, 4, 90000), 
('Pur808', '2024-01-29', 110900, 'OP1002', 1023, 100, 50000), 
('Pur809', '2024-01-29', 111009, 'OP1003', 1028, 6, 120000), 
('Pur810', '2024-01-30', 113321, 'Pp1012', 1027, 3, 30000), 
('Pur811', '2024-01-30', 111467, 'Pp1003', 1029, 6, 225000), 
('Pur812', '2024-01-30', 110732, 'OP1001', 1029, 4, 90000), 
('Pur813', '2024-01-30', 110900, 'OP1002', 1033, 100, 50000), 
('Pur814', '2024-01-30', 111405, 'OP1003', 1033, 6, 120000), 
('Pur815', '2024-01-30', 101301, 'OP1003', 1035, 6, 120000);


#2. Updating the product associated with a new sales transaction.
Insert into `products` values
('MP1005', 'MoniePoint Smart', 'N9', 25000),
 ('OP1010', 'Opay Card', 'Mastercard', 1000),
 ('OP1020', 'Opay Kit', 'Smart Charger', 5000),
 ('PP1010', 'Palmpay Kit', 'UsB Charger', 5000),
 ('PP1012', 'Palmpay Pos', 'Wpos', 10000);
 
#3. Recording Customer Details for a sales Transaction
insert into `customers` values
(110405, 'Olabisi Kukoyi', 'olabc03@gmail.com', '25 Adegboola Street Jakande'),
(101301, 'Kehinde Adeola', 'Akenny2020@gamil.com', '16 RacoWay close Afromedia'),
(110732, 'Balogun Adeyinka', 'Badebogun@gmail.com', '129 mami Markt Ira Quaterz'),
(110495, 'Joseph Lawal', 'Jlawal@ymail.com', '1,Ojokwu Street iba'),
(111467, 'Adetuyi Feyijimi', 'JimsonAdetuyi@yahoo.com', '2 Okeola Street Okokomaiko');

#4. Finding the total number of sales forn each product category
select category, count(transaction_id) As total_transactions
from products
join Sales ON products.product_id = sales.product_id
group by category;

create View product_category As
select category, count(transaction_id) As total_transactions
from products
join Sales ON products.product_id = sales.product_id
join customers ON sales. customer_id = customers.customer_id
group by category;

#5. Retrieving the names of customers who made purchases in a specific month

 select distinct customer_name
 from customers
 join sales ON customers.customer_id = sales. customer_id
 where extract(month from sales.transaction_date)=7
 and extract(year from sales.transaction_date)=2023;	
 
 select distinct customer_name
 from customers
 join sales ON customers.customer_id = sales. customer_id
 where month (sales.transaction_date)=7 and year (sales.transaction_date)=2023;


#6. Calculating the average transaction amount for each sales representative

select Rep_name As Sales_rep, avg(total_Amount) AS AVG_Sales, sum(total_Amount) AS Amount
from sales
join representatives ON sales.Rep_id = representatives.Rep_id
group by Rep_name;

#7. What is the total sales amount for each product category?

select category, sum(total_amount)
from sales
join products ON sales.product_id = products.product_id
group by category;

#8. How many unique customers made purchases in each month?

select month(transaction_date)AS Month,
	Count(distinct customer_id) AS Unique_Customers
from sales
group by month(transaction_date);

#9. What is the averge transaction amount for each product category?

select category, avg(total_amount)
from sales
join products ON sales.product_id = products.product_id
group by category;

#10. How many sales transactions were made by each customer?

select customer_id, count(*) As Transactions
from sales
group by customer_id;

#11. Which Sales representative has the highest total sales amount in each month

select Rep_name As Sales_Rep, sum(total_Amount)AS Amount
from sales
join representatives ON sales.Rep_id = representatives.Rep_id
group by Rep_name
order by Amount desc
limit 5;

#12. What is the total sale amount for each sales representative in each month 

select Rep_name As Sales_Rep, sum(total_Amount)AS Amount
from sales
join representatives ON sales.Rep_id = representatives.Rep_id
join customers ON sales.customer_id = customers.customer_id
Where Month(sales.transaction_date) =1
group by Rep_name;
